polyline,x,y,z,acceptance_criteria,internal diameter,wall thickness,pipe_segment_length
SCS-01-0040_6L89Z_segment-2,291205.6701,288827.7675,31.8568,Polyethylene,180.0,16.38,3.658
SCS-01-0040_6L89Z_segment-2,291206.3509,288828.0851,31.8156,Polyethylene,180.0,16.38,3.658
SCS-01-0040_6L89Z_segment-2,291206.7399,288828.2665,31.7707,Polyethylene,180.0,16.38,3.658
SCS-01-0040_6L89Z_segment-2,291215.802921,288832.492804,31.7707,Polyethylene,180.0,16.38,3.658
